Fund Name,P1,P2,P3,P4,P5,Topsis Score,Rank
M1,0.69,0.48,4.0,53.2,14.59,0.5979278051675189,2.0
M2,0.7,0.49,5.0,46.5,13.17,0.5013545679199665,5.0
M3,0.6,0.36,5.6,47.6,13.54,0.4838413224273844,7.0
M4,0.67,0.45,4.2,39.1,11.11,0.45270545097223414,8.0
M5,0.73,0.53,5.4,57.7,16.09,0.6157660886717142,1.0
M6,0.94,0.88,5.2,45.9,13.23,0.4941894688820109,6.0
M7,0.72,0.52,6.9,52.3,15.11,0.5086455342537407,4.0
M8,0.95,0.9,5.1,55.7,15.66,0.5720891681256788,3.0
